284;"RedButtonMediumOver_png$ee3c41ad0a2e53c573d3072b300333a6-1238148505"
605;"WarIcon_png$d33efcbce01f3a6034bdeaf2b9e6a3f31229269811"
26;"EventItemBackground3Corner_png$b1d62786e82f03f25ce9e92498e6def2-729191578"
715;"ClearOutCursor_png$565a674ab2512e5213a53a04ee98cc63-2034449662"
530;"ShopIcon_png$54a2a80cc52a260951064121c1a3d486811279915"
879;"fl.controls.UIScrollBar"
461;"LightAnimationGraphicNew_png$3540d6e2521492fbc441a73e98d53c6c-1643404530"
655;"Part18_png$49b0f8c4558763e7c36eed72c365ac58720483722"
223;"LightSource_png$b57ab0d186aad657a9e819f58205cabc1441032115"
428;"GreenButtonLargeSelected_png$59f1555d43716b4c8988c1f3e501f08d1028472324"
581;"Map1VisualAvatarBackground1_png$7f221a5e6a00b731361c018730a92ce0-1112534926"
582;"ChatArrowUp_png$9d5e13acf6738826b5fb6f8cb8affd83850791198"
191;"GreenButtonMediumSelected_png$b28e52652839d21b86b3fc4dd1e9bf955086888"
372;"TavernSelectedSlice_png$62463b84d326ffee0c0926e7c1df4f40-1199628870"
126;"MinusOver_png$afe2bdbe32afe05d741a572c4ea47921-1954834602"
16;"OrangeButtonMediumSelected_png$52596f7b50c42606f2d4726d91ddded0-133838901"
833;"LoadingProgressLight_png$426833004e296c513f0ff46758feec76137655426"
498;"FlagBuildMenuIcon5_png$d45035a19c210571023d86003f151a391211269484"
680;"ArmPattern10A_png$cb96e29da2ae310d049fba73d32f03e5365488756"
554;"LumberBladeAvatar_png$30dafd01895e1ba261ea214dbd5f84e61983959514"
421;"TabButton_png$247ea3b3ecd638bac98ed146f00b2c58-370657987"
20;"RedButtonSmall_png$70823c427056a7237dd3ddad93265097-1016332941"
718;"BackgroundBoxGreen_png$3628b730081eaabc27faea27c8556d57-1998430893"
216;"MainFrame_png$aeb750345396240ea014a7a3d0f0c3e9938811485"
169;"Lumber2_png$7bc12fc28c4e2b8836d6cf67c66b132d50689603"
641;"GreenButtonSmallSelected_png$3b578d2ef403919d5d469b559520b12e1785465988"
336;"Map1VisualAvatarBackground4_png$89fd76624820135b00fe374a89b7a85b-1108976755"
142;"AvatarBackgroundHover_png$234b5e4c29fc98109845de0ead3db1e0-2081148001"
234;"MobilePaymentIcon_png$6a7d6c8e615218688d75803169e705d9600532158"
187;"SkyTowerAvatar_png$dc18f500a5fc37550cda05e69f03145e75014315"
681;"HelpScreenHomeIconHover_png$1aae8eea9d34e63c45fe05b74f5e1415-2062561142"
604;"LumberWShadow1_png$f0bd5ac3a9b1ada2a534dc693b2767e31735159391"
474;"ArmPattern7A_png$4dbff8c33a250ecb9857129fc65da71a-707462266"
279;"CheckBoxSelected_png$bb8186fd94626692238360ccadc197032147232715"
108;"StonePart1_png$5477818101d557a0a3f7a327028678aa1680507211"
247;"VictoryMeterIndicatorRed_png$cf31774d23281dfa734cfd52b8c90418-455396575"
568;"WallAvatar_png$05388a1c6aa4d088c52bc0663391cf2b-722257403"
610;"FlagBuildMenuIcon4_png$b5346abf28ffe05a340c58e5b755c53e1210103507"
70;"FlagBuildMenuBlank_png$3525c4d11a2721ad859cc355761921bc237629743"
270;"StoneProgressBar_png$802e649e4dc0dbcf83e785578a41e510-2060654187"
705;"SignEmpty_png$d47b7f3aab36de49749bdd3777602968-1794932092"
480;"IconLocked_png$fbb309659c11f138d7ae973d12fc0613317962455"
80;"Might_png$7b7f16d347ed68030ddc98b5d5650873-370865639"
716;"Part20_png$5449790a8e9c77be989af236dde3e5ae691898641"
458;"GatlingArrowTowerAvatar_png$dc5b57fe21ef8b131010a9c7843652b2-128167947"
713;"IronHandMap_png$6f2385544ccefd2c5bd2c97545049dd3469784719"
516;"TimerBackgroundSide_png$6b7c5c509ad2391a516502e581d6c67c-1408423648"
35;"BackgroundBoxDark_png$f3464f0618c363a9431d229bd16d41582000360060"
649;"TrainingChamberAvatar_png$141e01b22d68883b408ac8a295ea72e5-406718815"
305;"PrevBtn_png$5919de3ce2afe00387e8c796aeef7bd3355601536"
667;"StashIcon_png$2cfe96e3786b04879bdf52f6af13e9ec-911711488"
393;"OrangeButtonLarge_png$5da1cddfba5f33c7ffc8b42e8497d9e6-1132628762"
434;"IconRangedDarts_png$d904902e278669d6bafdb66177a0d98f-148722253"
771;"CheckBox_downIcon"
483;"Iron45_png$78b9edc8fdf05158d00c81bc26a7c34c160132648"
700;"BrownButtonLargeOver_png$0a39868535c46956385ac1c0d5cfdb3e313412770"
115;"ArmPattern5A_png$30e01d0c8e38de26734d8ee636a80c00-659617088"
24;"Lumber_png$a5c3ba6aaa90838e4487276a40bb088e1934707055"
232;"IconQuickAttack_png$3f39c7045b07a9d651f3c4069d1b5c3a110177961"
468;"GreenPlusIconBig_png$768213d2df976f36cfd223a568213dc5370073454"
404;"ListIcon_png$40346f6e3a95a24680fb1b070157683e971922626"
629;"MercTooltipHead_png$c8a0d6234beaa122651b5b54a8f5af93-1633068300"
161;"ChatInput_png$71b9e351c4442c8bc9b9018e523f383d-320262138"
574;"FullscreenIcon_png$5f5ffd65df49c483f2f6ee87f51253171246890304"
357;"ShopIconHover_png$ad8e90b094801eba48066a92279d8815-1641026841"
634;"EnterBuildingCursor_png$356b26f1b7db02720a88e550badc9bf6-50268019"
623;"FlagIcon9_png$11e9df855686d0468c1e8bdb0b3b71621599867680"
389;"SignIcon11_png$b4e47a159762da085eda0853a700c4fb-1607355451"
244;"SplashOn_png$b777d8e64ac6b974c1b69eb490a29bb5952047026"
786;"fl.controls.TextInput"
556;"FlagBuildMenuIcon2_png$55112c07661edf7b862c90f7e3e1da571221347281"
262;"CentralHiringBigProgressBarInside_png$1ac0fd4b743292baa2876fc0736e1dc81382568705"
135;"SettingsBackgroundCorner_png$b1ff759a0c8fb0a594c4e45965d65fa9-2066968334"
28;"CityPlannerLevelBg_png$31607c275ae351a9d1742a7bef7a21c4-926304962"
1;"BlambotFXProLightBB_swf$66421d67e77430f38c4736f9d0bedcbf1948904403"
493;"Lumber3_png$c0f03e0a316ac7207d7ab78a8094337151859164"
423;"CatapultMight45_png$81e1f193f22d26264f3ea1ceda4ef26f1809180343"
829;"PreloaderFont_swf$fb8523b77b48a2246ea46188d945dcee115071133"
217;"Stone1_png$084093435eadd82b31ffa49a48970ca0-1200479114"
11;"GreenButtonSmallOver_png$28451d3d64ee15c244994ae4d0e972e91453285325"
264;"ShinyBackgroundLargeOver_png$2d9a5a66c855dbfe3d6e1014b74eb789257085266"
674;"CityBazaarAvatar_png$3fc45b07f1b9fa7cb5947fcaebeebba0-1849646419"
656;"TruceNone_png$7665bc85fe21044f5e4647ded50af9a3-27975780"
172;"FlagBuildMenuIcon6_png$ca259a46cdecce4021d2c309e3f259911208261101"
587;"PatternSymbol3_png$1d731af67bbd337de63500e8b5323de1-829668284"
346;"TuskHornCenter_png$216bc461fa5c1d26a9b2d8047498d1082021871584"
23;"CollectedStone_png$11917a16b390ceb706b23a05535ec52f1202163430"
890;"TextArea_upSkin"
294;"BuildIcon_png$4961cb092c4812064cfbaaca94a572db280500233"
549;"DefenceViewBar_png$36ed963c46dfee9759efe769b7edb18d1738733315"
600;"SettingsHover_png$605d5b29bcef23a20e1f40dab47603fc-146353701"
48;"InboxFullClose_png$3f8334a8a3ceb3f39129be3032f7f8df1899341353"
595;"Part2_png$73dfe0f80ca8cf8c19cc880d5e637112-661879708"
299;"SignIcon9_png$8b252499fbdc89285d4eeba274ffaabc-1467710646"
825;"ScrollBar_thumbIcon"
38;"ColorMenuFrameLeft_png$28dd0371ba4f71557fa933c17776a46f1307722585"
538;"RecruitmentChamber1UnLockedNormal_png$0a950b3e4ab79cc6d2e90b33e3bcbecb-563163701"
652;"GreenSquareButton_png$773edead46a69c1f5d5ea4b5bdd979c1-420751538"
292;"FlagIcon6_png$06845e0fe2c52d5810e4b92eb77e3c071600766373"
510;"BrownButtonMedium_png$a6a0a03ca87ada9e2c69427da5c8e810-1878534256"
112;"Check_png$76b90a80de23d48845c62a495c33623f-2095200855"
394;"BeastCaveEvolutionBigSelected_png$89834db1b5b2ca2280bb2c66e1733117-1419507498"
259;"ProgressBar15Inside_png$28368b3562adf5eeaa7434af84901879393118317"
67;"BrownButtonLarge_png$8faff001a600e8cf362ca66f3b942c47169765942"
251;"SignIcon3_png$49a0b0e1f7a41426f314a0407b8b9d17-1452786100"
870;"RadioButton_disabledIcon"
47;"ArmPattern11A_png$3726c0569a5619d67b4ca4472a7e1e31327517083"
492;"RagingBullMap_png$8e1a89d72e7c7fb144bba93bf298ba9d722192849"
695;"MapFilterDropdown_png$a5cdf28e889c36cd54fd7aeb937e16ed-1604983314"
133;"EngageBtn_png$fb746acd16e06e01900871d6faec8a9d-746229451"
90;"Bloodstain_png$8e38d318c0bba3153c2fad4bdc52844f-633356225"
543;"PatternSymbol9_png$b389e8478ba9b8aeaf05f62ae6860072-824653502"
702;"GetGoldsLogos_png$b1dbe9aaf3e2264eb23479276200cfeb1404832876"
222;"CityLoadingHourglass_png$607e0f5fd2ca4d93fd5b057ba20a4e8a1446398877"
131;"VictoryMeterYellowBackgroundCorner_png$1513342cb6de0256de4bea19ce0a08dc1349041134"
435;"FortifyIcon_png$a13e435cbce4805ab0414ff485fd4636-1822514140"
561;"IconVideo_png$d085fb1b336661090f48b66ab3f2ed03-1948884468"
571;"StoneBombLarge_png$0ee6f12d539768ea1d8bb73e940ef73b-26947964"
534;"ArchersArrow_png$88b9885f986bbe49599993738103ec38-597953267"
308;"IconFreeSpin_png$887a458f6cb235533b735384d03e0a46600409002"
711;"Clock45_png$08a0ea6ee8de6e7e245ed4442df409091650899750"
159;"RedButtonMediumSelected_png$c61e4a5688d5457c128138ba35bc87b1-462524866"
109;"ProgressBar65Inside_png$75160c7bec3b0825adb7b19e4ee0d6d3820443568"
454;"Patlangac_png$147258245f287e00bcebd7cddce3c26c642951233"
519;"Level_png$629fb958c255e427f56dd101f2a484b1-602661649"
868;"RadioButton_downIcon"
314;"VictoryMeterGreen_png$ae9ce55339e9cccf05d6dbac7035b3b7-912156222"
231;"VictoryMeterBase_png$51cb84d880dafacaded2fd05c0e244cb16523248"
446;"SignIcon4_png$7c0c8b5bc6c9ae9f5abd66879ae66190-1451616563"
504;"CityPlannerZoomOutOver_png$b3759eb58e521404ebeb89cf9d9c7eef-135186892"
83;"FullScreenHover_png$4b75b5813801721330a57e2059b6445e2039972691"
444;"RedButtonSmallSelected_png$83e2b57c4bf1ceb06efedef44a6db1cc1514257974"
72;"BeastCannonTowerAvatar_png$98f3c89e681f864276cd0f00c4bfde77-1010733280"
742;"Button_selectedOverSkin"
129;"GroundSwell2_png$f0e85c325bed43a3bae435b9532326ad-1374506388"
440;"ProgressBar36_png$eee7695059c946ac1bc568efc154d670378599432"
563;"CatapultLumber45_png$89434150c03e433089793a8f3c75daae451904211"
228;"CityLoadingCardBackground_png$385676453633c07ab8e5a746390cb773-1802539519"
387;"ChatYellowBaloonBackground_png$97f7dc9ee64e01012e7d5eeb0b3190ae1635602282"
184;"HarvestCursor_png$e1ab6577e1672c38c5a05afeaa106a62-1731342222"
102;"CrownIcon_png$70255d9f38b0ee8b9df7eb19ac08ff6e-1306878270"
520;"TutorialArrowLeft_png$f2cf74407b1cbbbe4a6ef1838fabab66-237165702"
686;"RecruitmentChamberLockIcon_png$02e090f1267abcebb6bde84886493f751208096514"
167;"BrownButtonSmallOver_png$b581b8b23f8470c6485e6fc3eeb4c674512367906"
326;"StaffCityCenterEmpty_png$c0e5bf3fc74bfd83862acea83510685b1971034184"
417;"FlagBuildMenuIcon7_png$17538c8b49f4471b79aeb2c7ae959f671209462894"
471;"TakePhotoIcon_png$7ce2125e5cacf24a6d466890c3e9e8a31061569006"
456;"ZoomInHover_png$db6a34cf5c233a76971631c64c6800c0-2091304562"
31;"FlamerTowerAvatar_png$cbcc8babcc061418f287bb2f4c7f2da3-366556545"
8;"maplayout_json$85c5ffe3103ff9278aab6dacbb603121-628784820"
30;"CityPlannerFullScreenOver_png$3bf3fd2eb5ca494abc16f2a0b58e0e24868523568"
230;"SignIcon6_png$108eded29779bb04e99670813253b206-1453426225"
297;"BrownButtonMediumSelected_png$6ed0c74d67a08a4b4c39d8f611557420-1872173221"
632;"UnderProtectionActive_png$5e8f8aa0ee5cf4f5f6a31d12953b3f6a1060961690"
260;"TruceActive_png$4990b04fe494816b4ae214b056725224733546514"
437;"BlueButtonMediumSelected_png$027dacbd2c3f46ec1442723bc2bd3ae4239300863"
540;"CantBuildIcon_png$8f97936b915353ee56d20f90954c9f33-1272739293"
486;"ProgressBar30Inside_png$1858a9bf88f14e87f6aff62f54dbdbb8806508374"
732;"Button_downSkin"
862;"fl.controls.ComboBox"
322;"IconGoldMini_png$7ffb0bf536625ab13fcb4fd3e49286e4-676872028"
138;"FlagIcon7_png$19fa269432f4224f2bb5826bf7302c661601951782"
51;"TuskHorn2_png$625e174d78ca60413069cbe9082a6867-859641283"
97;"Part13_png$c9bcc29a3163e74a7d45f5bb084303f554227278"
560;"TournamentRewardIcon2_png$36326b1dc147f7d671a99bb59e004edd2019955870"
111;"FlagIcon4_png$f62f8a02d260395094d34e4b196e344e1595252395"
502;"MightyBoostSmall_png$f2fef4793d389b541f3071acd3cc2267-1136530570"
42;"Part26_png$a1023c1d4be48069405121a0fcabdcc7693508655"
34;"EventIcon1_png$b09c5b665dbd27484fdbbdd64fa431b4-1570297304"
503;"NextBtnOver_png$c6d9abcd87710d7df7a51f12775f8a681726156"
767;"CheckBox_upIcon"
218;"IconRank2_png$de3c2ef4316e7d9f1808670d356ea8f7-871646053"
82;"RecruitmentChamber2ProgressBar_png$ea8002713a931ab5911867bd27e264be423700369"
328;"FlagBuildMenuIcon10_png$fbca35e94182345bf458279e0e14f5f0-1416820762"
45;"SelectIconHover_png$e9e254771e42797e35822e06a704352d270021097"
853;"CellRenderer_selectedDisabledSkin"
859;"CellRenderer_selectedUpSkin"
622;"Map1ListOffline_png$59f94f06e90197bc7f9aef4d9b55c4ae-1801546495"
494;"FortifyCursor_png$7e415d8b71e800df2769654196994a491232264554"
253;"Part4_png$737af2f1f7e9448273ab2aeccab63b64-656345242"
576;"CollectedMight_png$e240814c47bbf19f564e9730ce06c33c683193744"
687;"RecruitmentChamber1UnLockedSelected_png$bf93419b53933f39d392300e838da3141599473591"
635;"IconLockBig_png$0accd5cc56d083ad51817d8c97c7a3361112128822"
190;"UnderProtectionNone_png$361ef68069a8ad2119394837d504aed9-931560188"
402;"First_png$01a36088b0f72a803a1edd7aeffb594a-1096034142"
268;"LumberWShadow3_png$23ecab5faa699f67c1e2c7510fa47ad71732268377"
164;"BuriedSpikesAvatar_png$b6e0d3cc95ce1401bf18e678ff5f71f41918820793"
220;"SignIcon5_png$2075ccd6c5b66a76b5c698d8830b9e03-1454612146"
125;"Part6_png$25dd6f273267ed40f0553cf7f9fdc2f8-658168224"
141;"CityPlannerZoomIn_png$b325c38e5c5516b8425de63dfbf50426-24393399"
608;"PrevBtnOver_png$d5581e020c530d521dec6d12aad2cc8f-1731824116"
710;"SpyHoverIcon_png$0d911f16abe58654b48923457ea3eb84-1381076835"
122;"IconCancel2_png$689fc239048856efc0774b9d869edccb-1664065199"
521;"BluePlusIcon_png$4d00f040dfd60396fa1c49fff5fe243b1494425673"
263;"GoldFortune_png$9b010e48e722c51f9b0712c83c50e4441251596742"
707;"NotificationCircleIcon_png$6fdc6451ddbe4390c4d5748d8b9ab3b2198068480"
551;"QuestHintOver_png$cedc9018859e973f172cbc95dbdfdb34-1246390518"
462;"CityPlannerZoomOut_png$f72cd20bcfd14aee6d89b27f1355bd6b-1912217528"
136;"AcidRainDrop_png$11adab0762c4e0fcc4947391f26a19151602713666"
203;"StaffCityCenterWithGold_png$c88cb437c7f3e3ab0e28f539e1a77d2e-874739127"
325;"RedButtonLarge_png$e0c73187bf4bba39954434c49d7330511501514739"
756;"Tab_upSkin"
590;"ProgressBar26Inside_png$cb3569ab0a3a1442e614e8f07ea709a5-1158096371"
273;"TutorialArrowRight_png$15f6c9f8c6efc3b7735b9b409b7932f525927983"
152;"PanelTopSide_png$5f4be90a8275b3eeb422810af20f2c151211322828"
617;"OrangeButtonMediumOver_png$16c64854b5e804fc2eb7a1d3b69af8911583628684"
56;"HiringQuartersHover_png$9f22c3d506c6c47ec6f90a85fb0c18c2328718149"
410;"BlueButtonSmallOver_png$2b9bcc4c92f52feba47871f512b14cc41906693702"
269;"AllyWatchPostAvatar_png$0e9225c28bba7b30faea0137c04458d0-575933364"
689;"HarvestAllCursor_png$49e3ff02d86324cdb3201c8de896c0b81714053897"
495;"BrownButtonMini_png$6856c19cf1ef69f5a1fd4e9ab0774713-1674244052"
788;"ProgressBar_trackSkin"
526;"FreeCoins_png$04c64fd48f932bc6214178eaca3037e7-994588936"
639;"MapFilterNoArrow_png$945f49856d8304e3cf31481e7e6ff2551289322529"
307;"MoveIconHover_png$6ffcc3bd960d475e00542bb78847677a-1767521796"
429;"BeastKeeperAvatar_png$4e05f0b002f44c4553dfe686b80bb094-91252042"
673;"SignIcon8_png$bb9a3cdedc8f790daf21f398c0d76a89-1464686391"
785;"TextInput_upSkin"
651;"ArrowStep_png$d0eb43ce5e9d9e5bb400a9c99a965b6c-906287951"
287;"WarIconDisabled_png$3b56388d0b9587097a3bbf2f823227a3141286487"
360;"IconOffline_png$d463dc18c6f470f8cccc31da0948a367293628182"
85;"BrownButtonSmallSelected_png$ad83d5b9c84d94a3810c90688b992bab-2144237447"
430;"ArenaAvatar_png$044edf8acb785f45b5ab2b098f81c0aa-1084293540"
442;"Map1VisualMenu3_png$ae9fda955a88167a7bcc375fb5e5cb81525282066"
319;"RecruitmentChamber1UnLockingHover_png$ceef343a396188765f51f7460366f8c51048329175"
704;"WorldMapIcon_png$df088109c7a043feff59f579ae6d8cf0-757165188"
478;"HiringQuartersAvatar_png$d0aec7bd37bcf0e2a99cc0024b269848328983067"
682;"SlideArrowOver_png$2eb3257710e9220c236c83c45ddf70fa-1902640874"
278;"HelpTime_png$001581b9199dec6329fd6a0d5fcdb364-1013019017"
22;"TabBoxSide1_png$dbccce2b20a332fb60408dff3460fa81330743074"
309;"Part17_png$4a5d584b2c4477c966e6cceec1f1f65e720329993"
826;"fl.controls.ScrollBar"
180;"NextBtn_png$195a85f70aebcb00c69db173cd3cabde-1245196480"
559;"VictoryMeterRed_png$807f8506158a35fdcb1626774c93a87c1386914640"
6;"campaignlayout_json$3d0a7a4bffaf3b3461b49860e8814867695163278"
84;"PatternSymbol5_png$3d78f0c82ed047009a5dd686ccae4a32-824133818"
276;"GuestAvatar3_png$e544799548f811074de02ab3f7e34b42-719519598"
701;"MapFilterArrowUp_png$0d81a7f6767778b7842ba65352883521441779301"
477;"RedButtonLargeOver_png$2cead38574c9ebe13d7c6ea95042280a-684538625"
676;"GreenButtonMini_png$9ced70419e0c4602159197d3c8f9a138-1700462815"
648;"RadioButtonSelected_png$dd81efd2c43f6644d1fbbcb9f6880cce-765165287"
457;"GetGoldsIcon_png$50d0620394b6ad0f3f4400d38c2ef31f-1477377381"
3;"domain_ar_json$a1830cadba5e51a626caec93e7e4f543-1063585837"
378;"RadioButton_png$20b0bcdebb92f915f18352e836d26efe1474351958"
505;"VictoryMeterIndicatorWhite_png$e45e465c8ac3d41dd60a66c61b0a4c8c325410697"
511;"PlusOver_png$a77e90c9c306a18bbfbbea10f08d8a87-2034264670"
246;"IconVideoHover_png$99f2cea4d758734bd3d0d0dc6a9315981817321790"
841;"ComboBox_downSkin"
174;"Tick_png$c446081755c0ae1aff890a753194a6c11314820618"
562;"ScrollSkeleton_png$65760f75fa305c311e8cb1d8b5a51ec1-1291330682"
12;"RecruitmentChamber1UnLockingSelected_png$c141183af2c39836e54e31fffae4e615351009278"
370;"MainQuestPreviewYellow_png$f684a4f53d340ee35c91dc8c8218e4121009819245"
183;"IconGoldPack_png$0d2938c35fb04818a7bf56347ded20d71007593341"
579;"GuestAvatar5_png$97beee244e1e15caacbd32dac0e8ad1b-713985108"
324;"IconGreenPlus_png$f1fe8390d0ca10fa8dfa7c9e8f7beffd-1840030102"
672;"Map1VisualAvatarBackground3_png$01232e97da3862144e11c7ab092046f3-1114356980"
185;"ArmPattern12A_png$14dbf6a1ac920e5d809ee33e47edaa3c310270778"
431;"LightRay_png$9ec85ca334e102adabe2cddeb3c06dc7633148816"
487;"BlueButtonLarge_png$f3d52b59fa7e2f3ecb800c165f7f1012-1351218766"
110;"LightAnimationGraphic_png$2ebcb4c1dfe4a1b03852b2a1a0ade076-1724567208"
888;"StoneDeployCircle"
762;"Tab_downSkin"
365;"BeastKeeperCageChain_png$c008f0ea69e6bfd48a2b8043adc0c6611386429330"
350;"ExperienceStar_png$ebdcb2ee915af9322d284cd2903085bb-1541050312"
861;"fl.controls.List"
149;"Stone45_png$d97323e23df4dc9973fa9fc476872ea1406387661"
206;"BeastCaveEvolutionNormal_png$7d99614fb63db6bbfc8d8aeade57e67f701892530"
479;"PatternSymbol7_png$8ba5bc37c88bcb84afba25eedf6676ea-825956800"
99;"GoldBackgroundSide_png$752bb9437cd3adb5d8873f0605ef4ece1504604145"
343;"Map1ResourceBarIcon_png$0cc8953add276f0ebebab227b5024a56-2084637820"
500;"Upgrade_png$62405027ab462690f46b66e5bde71492-266967882"
249;"CentralHiringBigProgressBar_png$41378d91cd3a10ba2de92f0e38048aa9-860741891"
845;"CellRenderer_upSkin"
4;"domain_en_json$6a60dc139d214c8bb563df28c419d5001337811683"
569;"RedButtonSmallOver_png$7cb93010da630134f77a45a5ce6c40ab1174943359"
580;"TournamentRewardIcon3_png$49b5fc70810f190a622a2d130f2fecb62020110111"
81;"LumberWShadow2_png$14a6a3ae7d2d436f99172da8a53699c21736328920"
214;"BuildingProgressBar_png$d3847e244b0837a54321a599bfc14b412080594460"
49;"CityPlannerFullScreen_png$2431ad5447635c8536783865b15e3d542030712388"
691;"StashIconHover_png$3eb1c6394ea28de99fd4177f8cd0a988835643562"
719;"BombsTooltipIcon_png$8f1f4215f1965691f7feb9a45187b6a7-406092369"
321;"Part11_png$51fc010bee2ad0db7f8db7610a9e264452891212"
63;"BlueButtonSmallSelected_png$9e578e35adbdf573b84753bf2bac7c0a632132509"
427;"SpyIcon_png$476c553dee20831eb17516d9cd748a821591396895"
432;"GrassTile_png$a4d7d092b7cc16f6333b5b5fe11b5a4e557707892"
313;"Map1VisualAvatarBackground6_png$1f23e1234cea4db262764451c61e60a2-1107654001"
780;"CheckBox_selectedDisabledIcon"
714;"CatapultMight32_png$2ac01c0114ab5e494fb1eba404d16b811832028053"
255;"ResourceBasketTooltip_png$f05fd05d72308f8a73692a6bcfbf21e7-569190239"
392;"TournamentRewardIcon1_png$a980373bda2d89048b680d19e9bb6c072014592029"
886;"MightDeployCircle"
831;"LoadingBackground_jpg$ad9a276bf9233286417adc5565f266fa-217646190"
2;"BlambotFXProBB_swf$8a8e4ded1fdc1e71079fdb545457053e158321541"
375;"ArmPattern4A_png$46e79ab1f0de9cccf3bc909688d83470-621644383"
878;"fl.controls.RadioButton"
541;"AllianceBoostIconDamage_png$2e1356457615964d8528a0d65318fd5f-1585025101"
855;"CellRenderer_selectedDownSkin"
819;"ScrollThumb_upSkin"
754;"Tab_selectedUpSkin"
89;"HelpRPOn_png$5064a41403e06a7b875497c99a3ac41a-474057463"
364;"BlueButtonMedium_png$79db75108a97abc3611a79fb321c2a3c2119354164"
121;"MainQuestPreviewComplete_png$3af893a1e376c5807e0d553685d8fc8b-1826717526"
272;"NumberBackground_png$53534090313a0e29647d40aa0b2191de-547427716"
463;"TooltipsTopPin_png$ff9be1a2fe38977e97f3db48b64ce135-1782379004"
158;"Part16_png$67a87e9745ec691fd67f765d427383c2714949256"
52;"LowLevel_png$50217dc686f8787991422b1f5c197a0b-1660577493"
106;"GermanicHunterAvatar_png$4fa8e79ca8d60b69ebbb86ed5fe314531670311441"
352;"ArmPattern9A_png$50dffffd6a126e232d1073e8ab5d3dea-763713468"
616;"OrangeButtonMini_png$a46473c01b47aebf50ae3ad5eb04516d908963712"
572;"GetWomkongHover_png$426265b181b8347cdbd9d50a9f5b1886-192627630"
271;"HealBall_png$ee8bc4bedf3cd733e33fb94bd66425141057856611"
342;"BlueButtonMiniOver_png$285a014087e51614754c6cba8bfe035a790700960"
443;"ShinyBackgroundSmallOver_png$a7faa31d5e6e09765c1be5d2599fbfbd1566183846"
175;"StoreConstructionTabPatlangac_png$b870dd9b8d5061b3b5e251fbc78efea3-1014083773"
285;"StoneGrinderAvatar_png$16a2c37407947ecc6e99358da37e1a05995121879"
176;"CatapultAvatar_png$5f391f809193377129c8d40076735f17658724571"
566;"RecruitmentChamber1LockedSelected_png$3ce78b0855d413a96ebdfae6879855c9425592142"
624;"SpeedUpCursor_png$1249b8b8ee18e47bc72e6838680cca8f-2099731557"
482;"PatternSymbol8_png$ffa1fb897a1ff6630d2f71a0fa91d998-824770879"
547;"Part19_png$1e8f96821d5b76b7b6908d69411d7752717458443"
107;"AllianceBoostIconBarrackSpace_png$a28c7cc629bea3e4385263fb6d12bfc3-985239744"
257;"MightyBoostXlarge_png$41879ef27a75a085b858efead7b5e56a-1113273526"
132;"RecruitmentChamberLockIconBig_png$b7a29b39945847916636ded85e69ffcb497650276"
460;"CityPlannerZoomBar_png$c77445fe7c18d99e60b01e9cba703a9c-1609331195"
416;"Or_png$6922aa38a4b92b60527b4c539866c22d1492245872"
744;"Button_selectedUpSkin"
15;"SellIconHover_png$6634aee20250c695667819ad0acd2076-663950461"
717;"IconRefresh_png$2b9da94b4cdeda1cf91498233bc58a75-1352812852"
153;"Rp_png$dc80a1c6d538db08b826eaaecfed7188138632730"
151;"Lumber45_png$9f9eb5c586581b501160babf20bb6fd7-1569316565"
315;"SoundOff_png$d19a1b6cdf558cc4e4377cef26bf1a84-1446884492"
499;"SlideArrow_png$1cd180ec7504ad3413b38e027d0d54731669052586"
606;"ProgressBarLine10_png$bbc0b23fcf976ed0770704b43f7c49b0834141403"
849;"CellRenderer_downSkin"
295;"LeaderBoardBordered_png$a0afad35f54e5bc0df0d3e9119e43d6d-1212527382"
300;"BrownButtonMiniOver_png$37742014793bc3829e56a54052b91995632870296"
618;"BeastCaveEvolutionBigNormal_png$ed13b0dd8c498c9019b500b9ffc21ed9-1106922070"
198;"InviteFriendsAPIVisualSearchIcon_png$b403436824744cf0866e1f759121649f-683874284"
875;"RadioButton_selectedOverIcon"
524;"CityCenterAvatar_png$4b4d31d4ad8736fa40f446ed098b99ac740724243"
675;"MercenaryBarracksAvatar_png$16f513d2d4335df2767680cc1caf6f47430014884"
670;"TutorialArrowTop_png$c6b5ccf2d7668c5ec54be8f2b8380e651182913360"
215;"Soil2_png$c8d0c0c8bd87cc5d81ab015101a6967b31185741"
447;"ArmPattern3A_png$f6544de815efee821ff002ebe35987fe-600220670"
250;"ChatArrowUpOver_png$cd880ad43de0ce25f7d60e9bc12ab111-1037760630"
73;"TooltipsBackground_png$cf872fb7c78e96706c1a53555d64492b-593032518"
612;"QuestHintNormal_png$8f3b82fc566d0bd025de4f2b8c385889432142421"
100;"SelectTooltipIconHover_png$5f46568d2833bc15ef5845ed9081df754422008"
646;"OrangeButtonLargeSelected_png$67e8fb9381ffe748aad46a649f735d1a-333491543"
310;"MapOnline_png$4fca7bcd34641f8ed1730fcd978d5a6a2009796608"
823;"ScrollArrowUp_disabledSkin"
178;"TutorialPose3_png$29f81547f8d4b457b83af19d293d50751344654980"
13;"TuskHorn2Over_png$ed1a72c435439056e4738578da09681c1132674601"
661;"AllianceEventIcon_png$bce10ee14a08a2f9cd1f77582c559f5f1733572736"
594;"HouseofBrotherhoodAvatar_png$442628f3225dd6ef1667112deb34b0c3-327373656"
621;"RecruitmentChamberSelected_png$aed0eb0875dfae0a690578864deb36ce-944759191"
793;"fl.controls.ProgressBar"
508;"ProgressBar65_png$72431b02fb184231aaf3ba4a5f495254299988972"
528;"Map1ListOnline_png$f907eb1bcb7bf18ce43af5ae9608f38a920608563"
134;"GoldDouble_png$158d65cf2be70b28e178857011639d95-1517025678"
817;"ScrollArrowUp_upSkin"
192;"CombatResourceIcon_png$fabe668468505ebea48b33a7c5dab31f1553066527"
693;"ScoreBack_png$b8f43e5d0be6e2707a3a70928b980988-1961830232"
577;"Part1_png$b8ccf802f0b6888d6f73e0ff91903509-658854421"
662;"IconHomeHover_png$c2552429a567a44673f9be67f27be2b1-1460493215"
889;"TextArea_disabledSkin"
403;"LumberSalvo_png$6ac19b9f0e21eb051681dd615809e83e-1539450462"
369;"Gold_png$fd609a520aa137a7faf9a8a891bc7c7d-293879692"
820;"ScrollArrowDown_upSkin"
66;"ChatIcon_png$e8defedb8ff8c6c957a08ec38040c58013301453"
725;"EngageBtnOver_png$1e34646727a233e015905e784e5c1cd21924200737"
586;"Soil3_png$d06db42d73ac0629b372fc64332d29de19542990"
173;"BrownButtonLargeSelected_png$06343c2f68b49ca3224e0a2afa6abfbb1394523129"
529;"VictoryMeterIndicator_png$221b99a34d13311854269a71e79a0944-1645836586"
522;"BrownButtonMiniSelected_png$2042d6ba1b5e75954f72243173044fa22018665943"
539;"MapFilterArrowDown_png$9914d7001efcc47485fd2d04bb5e2c9f1217770172"
666;"CollectedGold_png$c31c6f35d0bb54917c36fa90112d7637569259421"
386;"Part10_png$c1eebde0cc6e991defd37f25b087570d64304691"
93;"VictoryMeterBlack_png$57a3126058b6bf31c355a6117b6819b1362513606"
207;"ExperienceProgressBar_png$f79784274379a89dcd9e9e485bc6bebd392513622"
95;"FirstHover_png$3d577ee0290f919172a5ad7e66859a5b1699417544"
805;"ScrollArrowUp_downSkin"
864;"RadioButton_upIcon"
202;"RemainingHelp5Cursor_png$fe8cec4e612f7d139a8f37fbcedd4cc6989941063"
555;"RecruitmentChamber1LockBarOver_png$784272a977ee4b24dd85c35ae39f31cf-235620455"
371;"HelpMercenaries_png$00dd99b38f0ac131a26dea7acb3ce58e1053196912"
245;"UpgradeIconHoverOver2_png$a4499ce8f6ec8901e99ba87eed0940c3960608281"
485;"StoneCrater_png$7fd70e0a4985a13757f6b706cfa03dd41659310864"
201;"ChatBackgroundTopCorner_png$c57795e74ef964880e583fbdee12bd75-1437519482"
373;"ELOEmpty_png$0865c5c892b812cc651ffe5336fc3d1e-525203439"
809;"ScrollThumb_downSkin"
663;"BrownButtonSmallSelectedOld_png$bc5597eebe08237286123eb5dd6ad851-1055990076"
96;"ProgressBar30_png$6a88a22558646efd501fbda9447e4ef3390362994"
630;"EventProgressBarSeperator_png$6ecf55ae5ef5f64f71b4ba913bd63bbb1307847170"
664;"ArmPatternBase_png$73d57d1d5e7198aeec90be38f12c6d27504211037"
723;"FlagBuildMenuIcon1_png$5c0ea144aa219b53822aab3e7688e8f51224372048"
25;"Part24_png$2bb0fcc61c8ea2b9a4fbe109aeeeaf01695348013"
790;"ProgressBar_barSkin"
542;"RedButtonMini_png$4efc5917abd53af438ec75aa9fd1bd5a577585847"
337;"TabButtonHover_png$9525c1b0405c67789705200d63328d551029384621"
139;"ZoomIn_png$a0068f37bd7cc7ce3396dda4c90d753d1252130236"
523;"UpgradeIconHover_png$107587915987ef6dd711eaf0e2c7561f1472100883"
876;"RadioButton_selectedDownIcon"
448;"DefenceViewLine_png$16130cbe9d053686b95dc7e747ee3121-988900478"
290;"BeastCaveEvolutionSmallSelected_png$b07ef1b871c14fb884ce5065cb4b61561445002349"
88;"Lumber1_png$3631242a35465ab400a0b6087246e11053682114"
39;"MercenaryLevel41Px_png$b18005b1c7374a8d569a481d2688ce3110537863"
147;"TutorialPose7_png$f619d55e62aed048c3e419c12cdc21861343905920"
866;"RadioButton_overIcon"
408;"Part21_png$61cc9f921d868f3b580da01c66cbd425688906642"
851;"CellRenderer_overSkin"
407;"BombardTowerAvatar_png$a377d49ea59272fdd58f9a03a7d467261628442971"
14;"ProgressBarFull_png$7af2172e78045e856641898ec7df1d891897379103"
884;"LumberDeployCircle"
79;"SelectIcon_png$aedd30030840306aceb3a586f555c3e6-568957087"
628;"RadioBtn_png$785aae0840a2ba9d9b237ea83a80e2402005303366"
550;"LikeBtn_png$e3f6e686aad3f14ae4f2975809eeb348-914219028"
398;"ArmPattern1A_png$ed6b6955ef8de18ebb6cb4d16d09315d-543953060"
340;"BuildIconHover_png$c38bd25529f6649e836b45223f168193-1629704255"
722;"GridIcon_png$6619cfc109c738b3f506c2527dc9a91e-1408040165"
473;"TooltipsInner_png$c7ee0d631c7b4e1c301c561e6955e79a1410068904"
598;"ProgressBar5_png$a0914a6f98f8fe72a7d86509aa9e8bdc-1428689173"
196;"U34Ball_png$236c763261044dec1c6886c535f297e0-1115612625"
64;"ChatTabButtonSide_png$596d80b949eeb0e9fa6d163eea9a4934682995168"
69;"TooltipsBottomPin_png$7e90de208a6f719cf1c193789cbe257c-1721889228"
288;"MoveCursor_png$5dc28398e13a0a82469619b54c331a7d-2110185710"
813;"ScrollThumb_overSkin"
654;"QuestPanelLine_png$e86006f7e945c4b010a758bad6a47a27-1572594041"
155;"UpgradeBtnIcon_png$f938018d5f7c6079b10e47951f6f31b4424933116"
557;"LumberSalvoLarge_png$3b288657d66f7dd40fff2ea94adf59331349812815"
10;"BloodDrop_png$a00bb859e278ab276525bf1141ec85d3942270395"
171;"LoadingIcon_png$fd2832c47e4467848a0f87e1aed9f010-347846401"
238;"RecruitmentChamber1LockBar_png$dd592fc4297cb47cf0c9045183a59bff-539370579"
631;"EventItemBackground1Corner_png$ddd0b5e223bb4670f0fe73f8fda47b541053019876"
5;"terrainlayout_json$86ae60df05ab89c28da48df65abec35b-1727427003"
527;"BlueButtonMini_png$0043aa8d196d603180811ced8040b0901173238324"
746;"Button_upSkin"
119;"FreeCoinsHover_png$2833cf722040c7a2240751b2dd6176e2-794078670"
465;"FlagIcon8_png$2c4e302d4897fa4dfb4f84d90ec6a5771598697639"
114;"GroundSwell4_png$e38a08e4fc095fdbabf6d7f256e08a81-1367939730"
143;"GuestAvatar1_png$31bb3f09dab38087ae91f43459f91c75-717696624"
177;"RecruitmentChamberBarracksIcon_png$2f12912a954234c792f8d7bf3f0fb3fc550957472"
355;"SpeechBubble_png$feb5aba9dadf498e679d3c1c51310b7d-880481237"
17;"RecruitmentChamberAvatar_png$910c9387b39da313433a7a1fb5235eff1927531245"
327;"TutorialPose8_png$65479b1c2e01381ce1a399454240007d1349286657"
709;"CentralHiringNumber_png$b96899ac9cf93f6fdc25ecf68b40756b170806968"
565;"TuskHorn3_png$b7c338a69c6ea344dc59e7219a4a5ed7-858471746"
61;"Soil4_png$a3890fde17cf43ead691991b0849c2a420712015"
583;"PatternSymbol4_png$2ff47dae65630bfaf4116f9672098c45-828482363"
626;"RedButtonMedium_png$3cb1fe02b58036ecc8a5ff30ec9285ff819733883"
638;"AssemblyAreaAvatar_png$5562af50f33fffe7a5474189b45b19b1-1964675426"
140;"CentralHiringAvatar_png$76d86029dbb72313e1e9bbc137bc36c3921140355"
513;"CatapultStone32_png$7d7643ba828c9c9e3a8a7dd3039f13b71487117419"
160;"CentralHiringLine_png$62f511461de67db456a0ebb4162f3423-1722225325"
798;"ScrollPane_disabledSkin"
553;"EventCanvasStoreIcon_png$f86423b00733642ed5767c4d62525139-2137070462"
832;"LoadingProgressShadow_png$3900e81497202cfefdae710cd45ea94a861012018"
835;"ComboBox_upSkin"
94;"PanelBottomSide_png$7f1fa1a8db5418cb5b382341207faf6d-118464888"
625;"BPEventIcon_png$992807b376ba236da194ebd066e5ebe1-2095971911"
199;"CantBuildTooltip_png$c9b57fb26fc1b706deef44087d5ec10c304512239"
613;"IconCancel_png$04fd6fd939aac0acbeb9588274110df0772671175"
316;"ProgressBar36Inside_png$542cbc012e6b66e33db0ee32b4dc83a6-1296661268"
730;"Button_disabledSkin"
706;"EventCeltIcon2_png$eea18e673a2de94a76b7e14abab872ac825739095"
281;"InviteFriendsAPIVisualWhiteBackround_png$f7d2a0472afc12fe6d2afa02f332510e-1346348999"
302;"TooltipsRightPin_png$f76509d89df041146a2b4e1128b1d4e5257752109"
166;"RecruitProgress_png$6c1933c73a134c2acb7c2fad5303c1d0-244422459"
637;"RedButtonMiniOver_png$6cd7aec37a47dda308497d7eda1cf498-458818141"
55;"RecruitmentChamber1UnLockedHover_png$e37a2f6f9d4718ac397712eadbcd5d70-1326644802"
383;"PanelTopLine_png$1ad8d6c73e4c1751ab9d6bdd8f2d345b249271761"
311;"FlagBuildMenuIcon8_png$96179b78df486f00f79277bf05c830c61209583855"
578;"IconRank1_png$6c0b46f68f6f8735893c37578d752c51-868637670"
317;"CollectedIron_png$6111f6db1ddf467d2093985eb23d1bb2-1378962059"
413;"HiringQuartersCancel2_png$3ba499bf705c933a0f008eda1fa815df-45081759"
450;"RedButtonMiniSelected_png$210d333be24f455aaab837aaf9dfd121-1464302726"
645;"RemainingHelp4Cursor_png$1e2e34fa18bed5d96ed103d8cd33bad3-1872454138"
488;"LumberSalvoSmall_png$c37e2f2bdd9ea4f87d12ee8ec5121f3c-565797245"
258;"IronEventIcon_png$33cc2870b8c35e6602c569509dd43fa3-1374998249"
381;"DefaultArm_png$340276f827584ef595f181b17bd44ea21329962322"
401;"PatternSymbol6_png$4f71cdf841d956f8f743a031e5843bc3-822964281"
405;"FortifyIconHover_png$ca4041eebbaa18b3d62c66bc8f157ae42122466310"
71;"IconQuickAttackHover_png$a40c92fbda215fda712df9fecbeadf11-891755103"
459;"WhiteFlag_png$362b5cb1fc413be1d8600a0ebd5ac39e19942463"
470;"IconSearch_png$c80c8074285a52550914d1c13d243eb4-1994705163"
291;"MapOffline_png$679d05fb2333c01bf1283c63dc35ebe7-1256540564"
694;"PatternSymbol12_png$96a191780175c310dc0acea32902b584-277576370"
144;"ConsularPostAvatar_png$876dd0cbdf0cdf7c92fe2c8f0dd4b30e679497716"
593;"FlagIcon5_png$7085e3d7bb74714aba348bfaafa9f6b81600645412"
390;"BlueButtonProgress_png$c96ffab1535fd56cc42430bc1ca27d211733827495"
379;"CityPlannerZoomInOver_png$407127b168fe946dec22d533f494554d1528100789"
363;"FlagBuildMenuIcon12_png$4dc67f83269e8b84dfc6dfa7c9b3c9d8-1411287328"
19;"CloseMainNormal_png$805e1dff6076ad727ff87e57efec727f-71639991"
210;"ProgressBar19_png$4fd2fec242eeb1d539c524ad863f3989441537221"
226;"AllianceBoostIconTower_png$8d9e3bc2f1a6a9e64b4e728802868bed-1103863293"
266;"Plus_png$caf5f7f3796e6ea508ad6ece83b4ebb9-1200605898"
58;"OrangeButtonMedium_png$b20244a92af8ed424f4f69d0e80779932099488256"
671;"CampaignIcon_png$b8996939e25106ab71625e295a493d4d1750009498"
127;"CityPlannerZoomBarCursor_png$66c4a04cdd17556362516dabcd2f806b1319713907"
168;"SendGift_png$b988acf5f46beab8d01a1beffe888293-1569631076"
252;"FlagBuildMenuEmpty_png$17e175a8f5c137fdb6c7742760eccb36-988282480"
575;"CatapultLumber32_png$a01203ad5f80324fea2ca6df1ed067f2483172913"
301;"ChatGreenBaloonBackground_png$8d9da0bfb38b28a24c51fc4672317d741157463849"
412;"YellowSquareButton_png$3cb7840f35ee16514f7e8a6d62ead2de1575416165"
496;"EventIcon2_png$a2367b602251d49c5959518e9e743e06-1570176343"
874;"RadioButton_selectedUpIcon"
843;"List_skin"
425;"ButtonEndAttack_png$2ff0374fcb93f46a5ebff4b941376987-1211876513"
318;"TutorialArrowBottom_png$63826fc84d936301a318b07722c32eca657753622"
688;"StoneBomb_png$68f9f0fa2678ac7e3f83b975aeadd2ec140612165"
599;"IconMarksmanship_png$8102dbd67277b5a4cd05577d30ed9117-1553221384"
449;"TuskHorn1Over_png$a9ed2c17ab5ed81ffabfa795b712cd37944148264"
475;"RecruitmentChamberCheckIcon_png$3024a113b31b4b50c0111708e34f9d6f1206726434"
347;"IronSmelterAvatar_png$7401389e07bb00229df63f7e8929305d-533160851"
418;"UpgradeIcon_png$f2da35d881a960e72e89af52a413087b-1052907137"
293;"GreenSquareButtonBigHover_png$5a3843ed4fb424fb73f1ad5cf86c14ba-2013513102"
9;"visualconfig_json$fba4de3dadd506db5a6fdc765a4451eb2122228086"
439;"GuestAvatar2_png$c8efb9328a2fcf4964bde75944a8ab65-720689135"
585;"FlagEmpty_png$428c5d01e54e037968a79baf94174ea4390867426"
558;"InviteFriendsAPIVisualSearchLeft_png$f7be93c8738a69a97674914a7f31edfc1688575402"
221;"BuildDeselectIcon_png$27aeeca0a8dc542874768dd2ccb96742-1693272210"
380;"Arrow1_png$a45b30f3f119b029fdbd21665a176589-2081741700"
603;"IceShardDrop_png$40dc0f7046b0b242449cbf2c2291f9532081731708"
620;"SelectTooltipIcon_png$fdbf1e19008e1d0c3adfa1853c35b8e21731575154"
640;"BlueButtonLargeSelected_png$a37c0842ceb9086817e775166e2f6ab81498651509"
537;"StatueofMightAvatar_png$1eb072f16bda32a29c83bb3324f7f79e-1177798615"
877;"RadioButton_selectedDisabledIcon"
248;"EventBigProgressBarLineLeft_png$06d94d6883cd99ba20e7d5c1f5b969a2205150968"
211;"Part25_png$e379dbcb175e687a3f6cf139a35e6ac5692323246"
501;"BackgroundBoxLight_png$ed97c9b9f61ee41d869787a8795ad4fd994674430"
98;"OrangeButtonSmall_png$2f0381285113e8dd0eb268b13df347f71993914382"
186;"HelpScreenHomeIcon_png$f99f3c16fd55f625b82a88409682d2431380816672"
515;"LeaderBoardSilver_png$cc3b7b587728af71db624623a215769b-1657870172"
860;"fl.controls.listClasses.CellRenderer"
388;"ReinforceButtonProgressBar_png$b36bc7a72e2f06ad1198d2194adc2aca383166933"
354;"MoveIcon_png$a3ed64c43457653b459558d072409bc2-58494962"
684;"BeastCaveEvolutionSmallNormal_png$a914fc98f239bdc377a24661e409659b692163425"
280;"CollectedPart_png$87387cc148ffc382f9eff1cf961e3ac11948242856"
438;"PlagueMap_png$9f305b6ce6c4eab7e26912ca340eda12-1388386294"
811;"ScrollArrowDown_overSkin"
170;"BlueButtonLargeOver_png$5233f00718f1f77266dd7ea15f98cbda1735674430"
395;"FortifyDeselectIcon_png$90ac4a220f729e3844819b185fbe829579701001"
265;"BrownButtonMediumOver_png$1fa933e6b18e2462e28b30d2e7a67cc71286744348"
891;"fl.controls.TextArea"
77;"BurningMirrorsAvatar_png$047f173195903662c1fae39afb2b72b91699879724"
451;"TabBoxCorner1_png$ec7c1543470232b63cd036691c7ae607-1207009860"
146;"CityPlannerAvatar_png$63dc217c5919206fe92e9219141eea95-398754436"
422;"Cross_png$c6aa36b8cc4b381ab1d48beecfb628fd-480191086"
679;"SignIcon1_png$e2977b096b6ba4023c42a18ca31741a5-1458057294"
839;"ComboBox_overSkin"
179;"ProgressBar15_png$4be7fd0d625a218e56fde3f09fa23fb8437858505"
181;"GetWomkong_png$220577ba98dbb5f632aca845a6815a3d-249196456"
740;"Button_selectedDownSkin"
156;"B33Animation_png$e78e124dca9df8906df8f979e78696be1000330438"
205;"Part8_png$25c01fd564b34848d92b5cf83557f9fc-656864926"
91;"EventItemBackground2Corner_png$796adbf63b570fcad96bd419eff40bf01240251429"
21;"FlagBuildMenuIcon9_png$4a02e4e479349746ffe3d4e8d131e90a1214980968"
544;"GreenButtonMiniOver_png$e382c0579762483f7f4d961c5b73f8e01511678253"
368;"MightyBoostMedium_png$5de31e26b20210f7ea06e8f87f45d4c1-1753601804"
200;"GreenPlusIcon_png$21049a1bb0d8c7191aed8815fc5cf7411471328728"
101;"RadioBtnSelected_png$82d750e0286ddb26397c3ac3f125cd4b-1364046327"
344;"HandCursor_png$a2a14ab87ec3655ba3461cd35c510fd4-922208720"
773;"CheckBox_disabledIcon"
419;"OrangeButtonSmallOver_png$0a1c612ebe63adbc5d5eaac5e0d119b5-708199174"
517;"HiringQuartersCancel_png$a91245bf6696996dab60c5d6c20c940d1508835639"
87;"PigeonPostAvatar_png$8586f6f0f5b348898d853895326a8867258040057"
335;"ArmPattern2A_png$9c9070ff530e6caa129de071995c1859-565410589"
289;"MapPin_png$1f24a665441a033d854bd6ad947f9c24-448344119"
60;"RecruitmentChamber1UnLockingNormal_png$977a59d5adcdf10c9cded73cbd57e5cb1052675250"
351;"CollectedResource_png$05f29574c63292e96456ba35462f9ad2-1640947149"
827;"fl.containers.ScrollPane"
339;"RecycleCursor_png$539ff12a73648f28824d6cd8913c42d11449793444"
749;"fl.controls.Button"
320;"AvatarBackgroundSelected_png$ad964b2c9f6a22e8f0665898225b8f6199253558"
857;"CellRenderer_selectedOverSkin"
356;"DecorationAvatar_png$c516b804bcf2ea2ffbcdbc964266ddd0-1463201501"
76;"QuestLeftBackground_png$69edb7aac90f06c393573d3dae6791bf-1392026220"
397;"SoundOn_png$b1c1ae60bad81668d1365121bbc966f0-2107751040"
296;"Lock_png$8717471b83e31373a1ff7f735bcd5948-115948433"
414;"RedAttentionIcon_png$447762a60f4910f8bba8c3811ff8977f452881330"
411;"Part27_png$3f5d575f16d6ae9bf0ff330c7b07ad72693662376"
286;"AcidRainFoam2_png$0b20a1b580abb4a4de3f8fa351279c81-1259188296"
37;"FiretrapAvatar_png$a035ac6e41f3ed117aa84b3df231d65d-1135933842"
233;"IconOnline_png$e716bc41ccd6bcae1ad8c6817198cd78-1237872994"
847;"CellRenderer_disabledSkin"
359;"Part9_png$771c9c651830262b263b5d8f41ae0ec9-668245533"
165;"Gold27_png$6fe9542578ca1249714888b500c071c4258204945"
592;"RecruitmentChambe2ProgressBarInside_png$ca50231bc0ecac6cae299898a622fb1a878699139"
197;"AllianceBoostIconArmor_png$fb0d92ccdc74532fa0d71786a462118b1737855689"
692;"StockPileAvatar_png$a0a1680eecbdaf34069717edec930591-980350467"
409;"ScrollSkeletonBottom_png$4546bd37f98e129aaa31ca1aaa1c5805961050649"
536;"BeastCaveEvolutionLoadOver_png$24f30b5af2de8cc8e93a0c6c0908e9011659033661"
349;"TuskHorn1_png$77527aa79f0d7c8527a9304cc94a6557-856648772"
567;"Part5_png$3bd74f7a71b4f5101153743970c9601e-655175705"
721;"ShopIcon50DiscountHover_png$f65a0fe6f89033dd02d6328bf45150d9-659062941"
467;"IconLootGainedBig_png$43ecfd86decde8e8f8a73225a17fb9d1238358800"
163;"SwordTooltipIcon_png$c264a1fb6b5554cfb8c254e12880a36e-1676429509"
506;"BlueButtonMiniPressed_png$39397dd2fafa839a606cee7d71a90bbe360035116"
532;"HarvestGoldCursor_png$224cc2e93906d298885417bfe01cf36a-1891116430"
748;"focusRectSkin"
189;"CeltMap_png$2b09b20f44b0543013bc5a918153f0f01299172610"
650;"Part12_png$306d43c9142f13bcd82e85223c150a2353044941"
120;"Part7_png$4965405b9f3d9bc4d3cc9aab8ecef499-656982303"
728;"fl.core.ComponentShim"
235;"FreeGiftPanelRadioButtonNormal_png$75d2e79ac60f9a1ed751a38cd750122a-1404011337"
59;"StonePart2_png$e13ad4654e890f048008fcb351822d4e1681693124"
150;"GreenButtonSmall_png$cf00ed9bda33fbb59c4ee62729686836-945570367"
669;"LumberSalvoMedium_png$3ab20eeced22e019ee6fdf69b873436e-1247391601"
162;"Stone_png$970d5ffd28e0e589994c7577d889a15e142632815"
720;"GreenButtonMedium_png$341756f7fd3c7c4cb948b340e16c2f24202580965"
678;"SellIcon_png$6b3d652d8a3ee6e236ed5d26c7d8bc5e-590938225"
822;"ScrollArrowDown_disabledSkin"
33;"BlueButtonMediumOver_png$8a7d92f3f2ada17ea05ed1bfe6d0adfb1419998368"
124;"OrangeButtonMiniSelected_png$0a0e46a9bcef750eedd6921ce217d009-1845538997"
724;"BPAnimationLight_png$f25eba2d449af2953dd55a225218af69-2095703824"
86;"RecruitmentChamber1LockedHover_png$3a3ea12c02358220fe0aa976962ef5a9-789013497"
65;"FlagIcon3_png$c4cefa08d3d551678fe3eac6a44250d51594066474"
698;"ShopIcon50Discount_png$7707928779d940eda942c37cfee5f36b220870191"
497;"Combobox_png$28b9a016532574c5947614a9fe7c8f55-1115075276"
453;"GuestAvatar6_png$0461343a5b409d2589b3017dd7bf0765-717010387"
533;"IconListHover_png$fcf2ea63c4a4f89e0a3e5607409d8f43256289538"
353;"SellDeselectIcon_png$b6ad6e10374564706ca4e780e498be38-2066880276"
601;"PatternSymbol2_png$cae0f907390822c9c2d23f323de2bbf2-826642997"
597;"HiringQuarterArrow_png$24ce27525bc62ad31d6842b52549cc83847730512"
282;"BrownButtonSmall_png$b09f42bf00a35eca6d3b814d4ca55ec2338098870"
208;"Settings_png$8c5415f62e5e35b55339667b989119451138726071"
377;"Minus_png$f1bf6664bf769474ab8f7538e910abb6-319934742"
384;"FullScreen_png$d1b98f49d6116de7b9a186a71434735b-1121048513"
433;"HelpHarvest_png$82effd9d6740c9db1d788ac47596f050154474205"
657;"Part15_png$808b1878f86a3b99f49b3283c91481dd713779727"
685;"ELONegative_png$f26cc8482d59976189f725e775522414417299767"
683;"EventCeltIcon1_png$7f7e61ffea633a57a70485d011135617824569046"
807;"ScrollArrowDown_downSkin"
40;"TabBoxSide_png$a7750ed59ecaee841c80e6926bae98d91151326005"
607;"OrangeButtonMiniOver_png$3b8ff15ef2772fb2816a3c722f12a747-1841952500"
303;"MightyBoostLarge_png$58a0f8846042ef9eea6fe512895e0603-830496990"
712;"TextArea_png$2122fdf4992c4ecaabab59817cfe68c1972915316"
776;"CheckBox_selectedUpIcon"
242;"ButtonWarPaid_png$15e93ddfd29358a9a388c8b0a5f52db11339229388"
783;"TextInput_disabledSkin"
668;"Might45_png$15e64db5882876c92ba0af3757512c77747365759"
760;"Tab_overSkin"
445;"FlagBlank_png$15364d705fc423c0be88c209561463ac1075681657"
882;"AcidRainDeployCircle"
32;"LumberSalvoXlarge_png$7dde29085dcf56938c2c0ab1f5ffeb021551987549"
546;"SignBlank_png$2d9595962b5194315e1a2fe3ac009411-556699133"
240;"TokenColorB_png$916feeb1462f0ba674dc66746bf1b0ba1446351239"
400;"RedSquareButton_png$d11df43e6c67ff3a898ef114f4bbb393409132700"
548;"ScrollInside_png$c7aac784de87ee2139510611d4c8c268202877749"
92;"ScrollSkeletonTop_png$abb98b920ae85a5d58f00a1990ba823e-1325902003"
219;"FlagIcon10_png$9d059aa7c170122c07fab854e391c4e91325737774"
333;"BlacksmithAvatar_png$a4b64d8858288eb4d5bd1d0cd5e38a881183850351"
157;"TuskHorn3Over_png$a1e7464b8bdfa605f1abf3cfe115c92a-271605462"
275;"WomkongStone_png$8a982d43005af7896cc5415de53b04b2-404304969"
27;"HelpRPOff_png$76af07b21c7ae0f8ee6f10331443a7f7-2082166125"
659;"RemainingHelp2Cursor_png$7cc9201180004c77a20e9ab447299222-94407292"
304;"B32CannonBall_png$b63f26ef3cd66cfd82162f5c80ecd2db161922407"
254;"CityPlannerBuildingNameBackgroundSide_png$6ee7c0356e237bcc0c1cd9eddfcb85a1-1759076387"
212;"MusicOn_png$12be3d018112a1d82f16919ec63e8a0b-354813650"
391;"TokenColorA_png$4ed82990cc80fda5bfda08bb075711471445181702"
332;"DragCursor_png$a60b6d5be5d0c52c7d81de6fd7a562722134191437"
358;"RemainingHelp1Cursor_png$e1f798d505f42982a194eb9ee9818ade1857193547"
118;"DemonKingMap_png$3bd666ea46fc0be3f2c6150c19dbcd3f1225949374"
644;"BackgroundQuickAttack_png$b834970b913ff9e293c09c56e241bb28-1836787108"
588;"GatlingDart_png$f3c88ed6055472852cb4111b0dd4d065-1175504431"
406;"Back_png$93f9db2e4a8259331c40cd6c8f7dd57f-381556365"
396;"BlueButtonBase_png$8125ae0dfddff633082f70215fc4fff9-1907855549"
481;"UpgradeCursor_png$8a1c43e84afa6285896565cb6c54072b-1820432515"
130;"ButtonWarNormal_png$18ccc239246b5779323607ad5c4278d2-1959626089"
182;"RedButtonLargeSelected_png$228b0d281de78c46a5c3c51a0066c16195390902"
148;"LeaderBoardBronze_png$85a6eea04d0772d0d9ca3114953b6aa9-872000327"
104;"OrangeButtonSmallSelected_png$d18dcdc6ff41cd079fa1680294ba4e42-1605071311"
306;"ShinyBackgroundLarge_png$e41f7e4c5c019e4db0c32f61eafd35e8184927462"
338;"BeastCaveEvolution2Green_png$bdf47c3eec5142aa471cc2c63d01b615-1395521628"
697;"MightyBoost_png$86bfc7647f7f384932ff99f5e0d79f931385682415"
36;"RecruitmentChamberTimeIconSmall_png$cc71806b38f0e05f0260cef9a00752dc1805258049"
491;"MainframeStashNewGift_png$81ee36e19f3a23a059bc5495be372be6-1408833887"
734;"Button_emphasizedSkin"
374;"PatternSymbol1_png$5ddb6ac1eefbf578836ae595d05dbf3c-827845302"
103;"FlagIcon2_png$358635088c24f69d55ade3fbc933ef9a1597091753"
736;"Button_overSkin"
764;"Tab_disabledSkin"
261;"GreenButtonMiniSelected_png$dea69ed29f543c5d3904df9738a923f0992784356"
243;"TavernIndicator_png$a2bbfa56213849acb3ce03e117f807ba605670658"
399;"FireArrowTowerAvatar_png$a5c4b310e8223592c142dc98cd802d991324709721"
476;"ExperienceBar_png$c3b36b402b653df95ff90fc4fdb1e2e2-904226741"
367;"Map1VisualMenu4_png$95001c20e5accaeca1a52ce985c9095d525403027"
323;"CollectedLumber_png$b21da3ff79dd26ba72e03649dbf6eec7-668008656"
227;"StoneBombMedium_png$bc81ec0774885f8b831f7351cd924a52-373387822"
54;"RP41_png$f6472d2863ec2a78e38ad88e2e95c130804603258"
792;"ProgressBar_indeterminateSkin"
46;"TutorialBack_png$4ba50a615994d1af53410375e047339e-237290437"
213;"ResourceBar_png$a34e1c40551832454bc9b1933c8482481670676207"
815;"ScrollArrowUp_overSkin"
75;"GreenButtonLargeOver_png$fda4f7728af277503bb91ce9959c1a9f1790148941"
29;"Iron_png$157348608fc5ee03296e275928ea3c3a1515733484"
229;"FlagIcon11_png$cbc3fa67e41d0164986f8ed5dd167acd1326923695"
345;"IconHome_png$c778cd42fdcf5bd7b25f911ef0182e6f296806377"
647;"BlueMinusIcon_png$74d9c36b994f19a14dcc47d1586c68121273708993"
642;"WarIconHover_png$b71db7aeeeaf4172e4b617b759e17cd91308494047"
312;"CatapultStone45_png$748b84a6e587c8f68be1c79a5fa71fdc1464008453"
382;"ProgressBar19Inside_png$7b93ecabcf0b50d2fb9a68f8848d1884-469939863"
633;"OrangeButtonLargeOver_png$018ef58dc60246e3410f1f44fcf144f3-380469422"
750;"TabBarComponentShim"
62;"ButtonWarDisable_png$f8284f64578bafcdf9b2dc2cde119a5e2138249030"
239;"ArmPattern8A_png$1873e36ff37527ac7796b44539e44063-746482907"
660;"PatternSymbol11_png$b525b503484e8e0bb20c3da93e388f8d-278746419"
658;"GreenButtonLarge_png$efd8eb9a5b21c327493cffe4fbec0fa01033580353"
241;"TutorialDefenderIcon_png$5750d293ef94302836204f8df23b3be8-357173422"
518;"QuestTooltipBar_png$8a9f57a7ea6d5e147828206b8c2687b3-356400993"
552;"AddFriendPlus_png$c0e7ccbb1d55cd6da9c7591b2696aae4-1108725797"
78;"TimerNumberBackground_png$4bfc7b0483b47a674b73e08bf9a2ba0a-1006092462"
509;"UnderProtectionBackgroundSide_png$bce4759069c5735a4c81827455b663e7-1898519720"
194;"GreenButtonMediumOver_png$79c79cc24ff2d72cac23888c059dfd931929925585"
209;"AttackscomeinBar_png$b4436c2b5490156fbc77ec490d179e291652976251"
44;"BlueButtonSmall_png$32850b11d974a2e7b02c254bfb5063b3-2073749030"
615;"GroundSwell1_png$a28c20b7d88a10ef34395e2954afc204-1375708205"
43;"SignIcon2_png$476d3861871471b00492d8aea1ba7d18-1452923341"
277;"MenuBarRight_png$62c75b72ee1a63b26dc626a8088444d61218936684"
204;"BackHover_png$1223208df203d0f67c73ccdb81c6fdca744530591"
267;"MusicOff_png$003d086fc4a50856ae703accf6bda115-1335188178"
74;"Map1VisualAvatarBackground_png$c7005f789c0552e6edfc0a85ae60544f-871654427"
614;"TutorialPose6_png$0320d606c718c731bd9c13326b3446a21342703623"
602;"Part3_png$384b7de794b1c34bd5953c76530feab4-660693787"
361;"ExecutionalGuillotineAvatar_png$f22b50143fef282921ebfe1fa3a5b9f9-444675040"
113;"CloseMainOver_png$07a0bb34af105e2ac8743a71c6cd23e1206634622"
507;"FlagIcon12_png$3f6e30a7e98e0dba8a988fb8fb39f8fa1327044136"
436;"SpecialOfferIconHover_png$23a4020f74efbe33493b8c8cedf3b86f321623762"
193;"StonePart3_png$4041cccf8e1c1837625dc6552d0e8d371678700613"
837;"ComboBox_disabledSkin"
545;"StoneBombSmall_png$6c54a2f5dd0faecdf4d6c3cac05b69931819728600"
420;"PatternSymbol10_png$06dfaf1ca95a6aef8ffe6e784e091675-284143028"
696;"Map1VisualAvatarBackground2_png$c3672a9d79548896207c7e36349b9bc9-1115526925"
636;"FlagIcon1_png$0b2be4e4a204e7d508ca8d8598b092011596938024"
469;"RecruitmentChamber1LockedNormal_png$ed3a3e704e3e527f6e477bc2b3f6c731-1149115390"
274;"MoveDeselectIcon_png$9d09e37c653973a8ace249b6e59fb9ed-1863288237"
424;"CheckBox_png$fd309e428a0c9b808de4c9cebde2dc3e-444495360"
334;"StoneBombXlarge_png$1ff78996c5df44257ff26b74724bf101-258364256"
57;"SignIcon10_png$30441db9884f6c2d8873b92cf2065354-1607509180"
50;"TutorialPose2_png$ecb1dd9fb86c599f641f117978ddc09b1356068363"
452;"ProgressBar26_png$d93e2abf5957dd24c0de5428bf5ede8f405020905"
426;"OtherPaymentIcon_png$8b2777acd663b5161b773859c8f6f7a21982494748"
591;"ELOPositive_png$ae687cb049654a1ca9cc0a873876ee2d46547315"
703;"BeastCaveAvatar_png$fa4c675508a4364421e5c451aab9ba71-639645031"
589;"IceShardCracks_png$aa9b8e6beaed3cd5bd0524bb647ce4cd1754570230"
769;"CheckBox_overIcon"
117;"SpecialOfferIcon_png$7c1283335b55e05e6cd7f993032d7b341464276952"
596;"EventBigProgressBarBaseLeft_png$170b0ba9f0309fd0de772e1106e091271532199133"
330;"FortifyIconBig_png$fd4fce8a0921ab1289f6e1f01fadaff3-1119846622"
677;"BlueSparkle_png$c4fc7a27570c4e0f12a46970c7b06590-144390651"
535;"TutorialPose1_png$824c4be82b3c4d516e4f7de33a9dc7ad1354866570"
68;"GuestAvatar4_png$d5c085ad87871a327be0178639c4527a-714138861"
653;"CenterCrossIcon_png$812f6553e69fc06b0eb4dda337608374-316628890"
665;"CollectedRp_png$09bf664a78b69d18578c7894dc052e7e307614051"
123;"GreenSquareButtonHover_png$ec59b73dda2ce1f0e39097c4438a27a6-1033362756"
490;"GetGoldPay_png$df8a844ff45260ef68e81d6677c50db11744618911"
283;"DeselectIcon_png$0ffcc81e9e40f740c41fd86dd6fd360b-2101160990"
464;"Part14_png$8313de1b6b3d7949a8dfe402f174a60e716772238"
778;"CheckBox_selectedDownIcon"
237;"MapPinPass_png$d376d12d19fb39130e1914897f89f1de-2053411462"
188;"TavernWheelSlice_png$069cd4b59d84ebb1b87adb1f48c49c33612757474"
376;"TooltipsLeftPin_png$40cc7ed26ca698a378fae2fb420431df-1371805040"
828;"LoadingProgressTrack_png$9fef652a77101c23f4599fd264e3a3f193702863"
738;"Button_selectedDisabledSkin"
236;"BuildingProgress_png$f8d2795b4b9cc53e4a1640d737fd8b40-206403179"
128;"RemainingHelp3Cursor_png$f519361e8b7f402b23719f563d473a5c91758789"
225;"ShriekingDragonMap_png$7704de4b2751600904824f84e035a9ca1014243357"
154;"QuestTooltipYellow_png$88adec59b56f3043caeb6a9888fe026c2119488353"
18;"SplashOff_png$53bddcb36d0a6e725b71060cbe662d2c788235530"
611;"TuskHornAvatar_png$3b5faadb690aff6de6c0799c3efe15e72085173879"
137;"IronProgressBar_png$7c386e8ff959bc919d8259910a4c7b662096197488"
484;"Map1VisualMenu2_png$321dbc0e1c46336e34b6f9e9fe0ac1fd528273553"
385;"DefaultToken_png$446747b7352bfc1708ba2c345fc0a3921536088119"
777;"CheckBox_selectedOverIcon"
7;"domaininfo_json$72e84797a62c19b20e08a7ece870e76c1279259078"
781;"fl.controls.CheckBox"
627;"ChatTabButtonSelectedSide_png$0af20a0a865b44be19e875be9f5ea03a-672630229"
699;"FreeGiftPanelRadioButtonSelected_png$f070ca61c6ffe0d461f43ea0dc7400e3-1025923805"
570;"AvatarBackground_png$e3a8e85f3650974db891f0cce3b79623671332467"
466;"StonePart4_png$5a5b8fc23ec06a9f147c98ab7f7f2df31678821574"
690;"InviteFriendsAPIVisualSearchRight_png$eac68f17a478b7bad26de822f3080cdc1025355519"
609;"CityLoadingMap_png$f5f08c1dde30582c9309963b85f0eab5-174939687"
415;"Soil1_png$40850393d19be0d7e8918ed94d293dfc29999308"
116;"ArchersTowerAvatar_png$71b3b97f23ce48c35ad61d9da554de64-1831012844"
758;"Tab_selectedDisabledSkin"
362;"WorkerBarSide_png$a9163583b97187227f6e13868325dbe81376847782"
53;"WatchPostAvatar_png$f1f801c14e633955ded72252bdf71bc52038828500"
195;"GroundSwell3_png$3d0170c01059ae8e5201d4902d52e79c-1369142547"
298;"ShinyBackgroundSmall_png$47f96cb473923c6d2b9bd75d6d306e2a-115879110"
643;"SignIcon12_png$f8f84c80fe08bc61ba5c75797609450d-1610380730"
224;"IconRank3_png$f85637b3e2e620e9161f317ff61b135f-870476012"
708;"FlagBuildMenuIcon3_png$8b9018b0ed9b10c4579098c9a47411861222532690"
366;"MightProgressBar_png$23cb837adb1eae1f35ce5ede100241fc-87460309"
525;"BlueButtonMiniSelected_png$da142a7680ddfd6610bb0b115708c9fa-151801857"
145;"FlagBuildMenuIcon11_png$e62e96e63cd52b25f20febc6875ec4b4-1415635353"
830;"PeakGamesLogo_png$247a0b7b93be298a7544a09361719e8b-453263314"
455;"Map1NCLIcon_png$ca9ea6656cc782fb36bd056ce99d1c69734992660"
573;"FacebookFallbackPicture_png$1cfdd2b8b28a88ccee78b385c6d80044999587903"
331;"ArmPattern6A_png$e3606084b8029d6ec6dd21366bbc3503-686284185"
472;"IconList_png$4a688524419b66bfed91eb76fbce1a13-2065652824"
489;"TabBoxCorner_png$ef9335b74228722fc6022fdc79045288242031867"
41;"MenuBarRightShadow_png$4896639dfda5f1fabe6f1f92167c7eff-410854932"
256;"HiringQuartersClick_png$93eb93b76d4f433daa803504749b1483-1004748519"
799;"ScrollPane_upSkin"
619;"IconRPPack_png$2dcec812655faf931b2bc2e6530fac4e-155794845"
105;"SignIcon7_png$10ae66c87570397cc6f694e59271a8b7-1465888696"
765;"com.yahoo.astra.fl.controls.TabBar"
512;"LumberProgressBar_png$0a013eb864f27d483679d36671e32f8a-327759979"
441;"AncientTelescopeAvatar_png$756e688cca1657ac20ba576dea047c5e-786702499"
329;"EventPointIcon_png$a64e6d9aac30d0573d9e7eab36ac8e45456962553"
531;"ArrowCursor_png$b8461508f072053aa0b96de8c189007c-667294062"
801;"ScrollTrack_skin"
0;"wom.Client"
